flops_budget,depth,model_dim,num_scaling_params,num_iterations,tokens_trained,param_data_ratio,val_loss,train_time_sec
7e14,20,1280,358763520,17,278528,0.00,10.959218978881836,231
8e14,20,1280,358763520,10,327680,0.00,8.936941146850586,410
1e16,10,640,232821760,242,7929856,0.03,8.185408592224121,1453
